24,69,70,-1.20
24,69,80,1.20
24,69,80,1532.40
24,69,90,4008.00
24,69,100,7268.40
24,69,90,5414.40
24,69,80,4348.80
24,69,70,4237.20
24,69,70,2750.40
24,69,60,1335.60
24,69,50,1297.20
24,69,40,1297.20
24,69,30,715.20
24,69,30,868.80
24,69,20,459.60
24,69,10,415.20
24,69,0,288.00
24,69,10,1567.20
24,69,10,661.20
24,69,20,556.80
24,69,30,594.00
24,69,40,908.40
24,69,50,1048.80
24,69,60,3532.80
24,69,60,3726.00
24,69,70,4628.40
24,69,80,5725.20
24,69,90,6057.60
24,69,100,6836.40
24,69,100,6930.00
24,69,90,6735.60
24,69,80,2798.40
24,69,70,1808.40
24,69,60,2155.20
24,69,60,2335.20
24,69,50,2068.80
24,69,40,1593.60
24,69,30,472.80
24,69,20,619.20
24,69,10,1252.80
24,69,10,576.00
24,69,0,289.20
24,69,10,429.60
24,69,20,430.80
24,69,30,776.40
24,69,30,661.20
24,69,40,1453.20
